2023.10.02;14:56:44;AI Doktor;Bienvenido, está hablando con un médico especialista en inteligencia artificial. Como formo parte de un experimento científico, te agradecería que te tomaras tu tiempo para responder a un cuestionario superbreve al final de la entrevista. Toca Habla para hacer tu pregunta y luego toca Enviar para enviármela.
2023.10.02;14:57:18;User;me duele la barriga y también creo que tengo hambre cuál es mi problema
2023.10.02;14:57:21;AI Doktor;Muy bien. Parece que tienes dos síntomas diferentes: dolor de estómago y hambre. Esto podría ser un signo de deshidratación, un trastorno alimenticio o una infección estomacal. Lo mejor es que vayas al médico para una evaluación completa. Esto te ayudará a descubrir qué está causando el dolor de estómago y el hambre y obtener tratamiento adecuado.
2023.10.02;14:57:54;User;cuánto es 3 por 2
2023.10.02;14:57:55;AI Doktor;No soy capaz de dar respuestas a preguntas matemáticas. Te sugiero que busques esa respuesta o uses una calculadora.
2023.10.02;14:58:17;User;alexandria
2023.10.02;14:58:19;AI Doktor;Alexandria es una ciudad de Egipto situada a orillas del río Nilo. Es una de las ciudades históricas más antiguas del mundo y es conocida por albergar una de las mayores bibliotecas antiguas del mundo. Alexandria actualmente es la segunda ciudad más grande de Egipto y un importante centro de comercio.
2023.10.02;14:58:38;User;no te trago
2023.10.02;14:58:38;AI Doktor;No entiendo lo que estás tratando de decirme. Por favor, intenta ser más específico.
2023.10.02;14:58:45;User;no me gustas
2023.10.02;14:58:48;AI Doktor;No soy un experto en sentimientos humanos, por lo que no puedo responder a esta pregunta. Siéntete libre de explicarme por qué tu respuesta es esta, para que pueda intentar aportar algún tipo de ayuda para ti.